@SICSVOE,,,,,,,,,,,,,,,,,,,,,,,,,,,,,,,,,,,,,,,,,,,,,,,,,,,,,,,,,,,,,,,,,,,,,,,,,,,,,,,,,,,,,,,,,
Stno;Chip;Database Id;Surname;First name;YB;S;Block;nc;Start;Finish;Time;Classifier;Club no.;Cl.name;City;Nat;Cl. no.;Short;Long;Num1;Num2;Num3;Text1;Text2;Text3;Adr. name;Street;Line2;Zip;City;Phone;Fax;EMail;Id/Club;Rented;Start fee;Paid;Course no.;Course;km;m;Course controls;Pl;Start punch;Finish punch;Control1;Punch1;Control2;Punch2;Control3;Punch3;Control4;Punch4;Control5;Punch5;Control6;Punch6;Control7;Punch7;Control8;Punch8;Control9;Punch9;Control10;Punch10;(may be more) ...;;;;;;;;;;;;;;;;;;;;;;;
92;1425103;2;Zupan;Lara;;M;;0;84:05;131:47;47:42;0;4;OK Komenda;Orientacijski klub Komenda;SLO;24;BEGINNERS;BEGINNERS;;;;;;;;;;;;;;;;0;0;0;2;B;1.51;45;9;1;;131:47;59;04:03;60;06:10;73;10:54;61;16:56;62;21:17;63;39:53;68;43:29;38;46:04;100;46:46;;;;;;;;;;;;;;;;;;;;;;;;;;
44;2022942;222;Bevčar;Matic;;M;;0;01:03;103:15;102:12;3;;;;;24;BEGINNERS;BEGINNERS;;;;;;;;;;;;;;;;0;0;0;2;B;1.51;45;9;;;103:15;59;17:56;60;19:14;;;;;;;;;68;82:37;;;;;;;;;;;;;;;;;;;;;;;;;;;;;;
45;2300248;223;Šavs;Mitja;;M;;0;11:08;45:42;34:34;3;;;;;24;BEGINNERS;BEGINNERS;;;;;;;;;;;;;;;;0;0;0;2;B;1.51;45;9;;;45:42;;;60;04:25;73;07:29;61;12:27;62;18:26;63;24:16;68;26:18;38;31:28;100;32:54;;;;;;;;;;;;;;;;;;;;;;;;;;
36;2022954;224;Šket;Luka;;M;;0;09:26;45:46;36:20;3;;;;;24;BEGINNERS;BEGINNERS;;;;;;;;;;;;;;;;0;0;0;2;B;1.51;45;9;;;45:46;;;60;06:10;73;10:09;61;14:13;62;20:13;63;25:54;68;27:54;38;33:12;100;34:39;;;;;;;;;;;;;;;;;;;;;;;;;;
190;2114451;29;Ugrin;Maja;;M;;0;32:42;85:13;52:31;1;10;OK Tivoli;OK Tivoli;SLO;24;BEGINNERS;BEGINNERS;;;;;;;;;;;;;;;;0;0;0;2;B;1.51;45;9;;;85:13;59;07:02;60;10:21;73;13:26;61;20:14;62;25:14;63;34:33;68;37:17;38;43:53;100;45:56;;;;;;;;;;;;;;;;;;;;;;;;;;
119;235870;162;Jarc;Neža;;M;;0;95:06;113:20;18:14;0;4;OK Komenda;Orientacijski klub Komenda;SLO;23;KIDS;KIDS;;;;;;;;;;;;;;;;0;0;0;1;A;1.51;40;9;1;;113:20;31;02:42;32;04:48;33;07:06;34;09:16;35;10:40;36;12:25;37;14:12;38;16:29;100;17:20;;;;;;;;;;;;;;;;;;;;;;;;;;
57;8277075;95;Markovič;Inga;;M;;0;88:07;108:39;20:32;0;2;OK SG;OK Slovenj Gradec;SLO;23;KIDS;KIDS;;;;;;;;;;;;;;;;0;0;0;1;A;1.51;40;9;2;;108:39;31;02:52;32;05:12;33;07:13;34;10:18;35;12:10;36;15:01;37;17:17;38;18:57;100;19:49;;;;;;;;;;;;;;;;;;;;;;;;;;
68;8654098;185;Raj;Ida Antonija;;M;;0;88:03;108:41;20:38;0;2;OK SG;OK Slovenj Gradec;SLO;23;KIDS;KIDS;;;;;;;;;;;;;;;;0;0;0;1;A;1.51;40;9;3;;108:41;31;03:00;32;05:30;33;07:30;34;10:39;35;12:21;36;14:59;37;17:28;38;19:10;100;19:55;;;;;;;;;;;;;;;;;;;;;;;;;;
199;422512;135;Bončina;Vianez;;M;;0;113:29;136:12;22:43;0;11;OK Slovenske Konjice;Orientacijski klub Slovenske Konjice;SLO;23;KIDS;KIDS;;;;;;;;;;;;;;;;0;0;0;1;A;1.51;40;9;4;;136:12;31;02:50;32;05:57;33;08:51;34;11:16;35;13:39;36;16:03;37;19:16;38;21:07;100;22:01;;;;;;;;;;;;;;;;;;;;;;;;;;
178;980592;110;Eržen;Izabela;;M;;0;113:28;136:13;22:45;0;8;ŠOK;Škofjeloški orientacijski klub;SLO;23;KIDS;KIDS;;;;;;;;;;;;;;;;0;0;0;1;A;1.51;40;9;5;;136:13;31;02:20;32;05:11;33;08:24;34;11:06;35;13:37;36;16:06;37;19:26;38;20:49;100;22:04;;;;;;;;;;;;;;;;;;;;;;;;;;
41;889720;219;Kropivšek;Jošt;;M;;0;07:02;54:29;47:27;0;;;;;23;KIDS;KIDS;;;;;;;;;;;;;;;;0;0;0;1;A;1.51;40;9;6;;54:29;31;05:32;32;09:33;33;13:21;34;17:12;35;21:22;36;25:56;37;34:43;38;39:50;100;43:17;;;;;;;;;;;;;;;;;;;;;;;;;;
160;406860;153;Sedej;Žiga;;M;;0;00:00;;;1;5;OK Azimut;OK Azimut;SLO;23;KIDS;KIDS;;;;;;;;;;;;;;;;0;0;0;1;A;1.51;40;9;;;;;;;;;;;;;;;;;;;;;;;;;;;;;;;;;;;;;;;;;;;;;;;
40;;218;;Vacant;;M;;0;00:00;;;0;;;;;23;KIDS;KIDS;;;;;;;;;;;;;;;;0;0;0;1;A;1.51;40;9;;;;;;;;;;;;;;;;;;;;;;;;;;;;;;;;;;;;;;;;;;;;;;;
56;8277082;81;Gaber Raj;Nino;;M;;0;00:00;1551:00;1551:00;3;2;OK SG;OK Slovenj Gradec;SLO;23;KIDS;KIDS;;;;;;;;;;;;;;;;0;0;0;1;A;1.51;40;9;;;1551:00;;;;;33;452:37;;;;;;;;;;;100;476:24;;;;;;;;;;;;;;;;;;;;;;;;;;
39;;217;;Vacant;;M;;0;00:00;;;0;;;;;23;KIDS;KIDS;;;;;;;;;;;;;;;;0;0;0;1;A;1.51;40;9;;;;;;;;;;;;;;;;;;;;;;;;;;;;;;;;;;;;;;;;;;;;;;;
109;2069801;161;Jarc;Val;;M;;0;58:00;68:53;10:53;0;4;OK Komenda;Orientacijski klub Komenda;SLO;1;M10;M10;;;;;;;;;;;;;;;;0;0;0;1;A;1.51;40;9;1;;68:53;31;01:41;32;02:55;33;04:03;34;05:15;35;06:05;36;07:21;37;08:44;38;09:50;100;10:20;;;;;;;;;;;;;;;;;;;;;;;;;;
58;8277077;172;Andrejc;Lenart;;M;;0;46:00;68:38;22:38;0;2;OK SG;OK Slovenj Gradec;SLO;1;M10;M10;;;;;;;;;;;;;;;;0;0;0;1;A;1.51;40;9;2;;68:38;31;02:58;32;05:27;33;07:41;34;09:39;35;11:40;36;14:40;37;17:39;38;20:36;100;21:33;;;;;;;;;;;;;;;;;;;;;;;;;;
120;1070655;16;Bačnar Tušar;Aljoša;;M;;0;86:27;113:18;26:51;0;5;OK Azimut;OK Azimut;SLO;1;M10;M10;;;;;;;;;;;;;;;;0;0;0;1;A;1.51;40;9;3;;113:18;31;03:33;32;05:21;33;08:31;34;11:02;35;19:23;36;21:02;37;22:30;38;24:06;100;25:01;;;;;;;;;;;;;;;;;;;;;;;;;;
10;2022949;190;Florjančič;Jurij;;M;;0;17:30;59:31;42:01;0;;;;;1;M10;M10;;;;;;;;;;;;;;;;X;0;0;1;A;1.51;40;9;4;;59:31;31;02:50;32;04:37;33;08:33;34;12:32;35;14:17;36;23:43;37;27:26;38;36:52;100;40:05;;;;;;;;;;;;;;;;;;;;;;;;;;
55;8277076;80;Gaber Raj;Tejo;;M;;0;64:00;108:50;44:50;0;2;OK SG;OK Slovenj Gradec;SLO;1;M10;M10;;;;;;;;;;;;;;;;0;0;0;1;A;1.51;40;9;5;;108:50;31;02:19;32;04:41;33;09:22;34;18:39;35;21:09;36;24:50;37;41:40;38;43:10;100;43:59;;;;;;;;;;;;;;;;;;;;;;;;;;
93;438998;90;Šuc;Tin;;M;;0;70:00;;;1;4;OK Komenda;Orientacijski klub Komenda;SLO;1;M10;M10;;;;;;;;;;;;;;;;0;0;0;1;A;1.51;40;9;;;;;;;;;;;;;;;;;;;;;;;;;;;;;;;;;;;;;;;;;;;;;;;
9;2132996;189;Obid;Anže;;M;;0;52:00;;;1;5;OK Azimut;OK Azimut;SLO;1;M10;M10;;;;;;;;;;;;;;;;0;0;0;1;A;1.51;40;9;;;;;;;;;;;;;;;;;;;;;;;;;;;;;;;;;;;;;;;;;;;;;;;
73;2069806;60;Kölner;Anže;;M;;0;05:00;20:38;15:38;0;4;OK Komenda;Orientacijski klub Komenda;SLO;3;M12;M12;;;;;;;;;;;;;;;;0;0;0;2;B;1.51;45;9;1;;20:38;59;01:42;60;02:31;73;03:42;61;05:52;62;08:32;63;10:50;68;12:33;38;14:00;100;14:35;;;;;;;;;;;;;;;;;;;;;;;;;;
153;2107081;154;Sedej;Rok;;M;;0;23:00;48:52;25:52;0;5;OK Azimut;OK Azimut;SLO;3;M12;M12;;;;;;;;;;;;;;;;0;0;0;2;B;1.51;45;9;2;;48:52;59;02:35;60;04:55;73;06:25;61;11:50;62;15:11;63;19:11;68;20:41;38;22:45;100;23:29;;;;;;;;;;;;;;;;;;;;;;;;;;
98;2113839;93;Šuc;Enej;;M;;0;47:00;75:24;28:24;0;4;OK Komenda;Orientacijski klub Komenda;SLO;3;M12;M12;;;;;;;;;;;;;;;;0;0;0;2;B;1.51;45;9;3;;75:24;59;02:29;60;03:50;73;05:39;61;08:36;62;17:42;63;20:57;68;22:35;38;26:27;100;27:25;;;;;;;;;;;;;;;;;;;;;;;;;;
97;2069815;147;Kurinčič;Jakob;;M;;0;17:00;48:50;31:50;0;4;OK Komenda;Orientacijski klub Komenda;SLO;3;M12;M12;;;;;;;;;;;;;;;;0;0;0;2;B;1.51;45;9;4;;48:50;59;01:45;60;02:47;73;10:27;61;15:27;62;18:29;63;26:19;68;27:21;38;29:17;100;29:51;;;;;;;;;;;;;;;;;;;;;;;;;;
72;1425112;6;Malus;Drejc;;M;;0;35:00;67:10;32:10;0;4;OK Komenda;Orientacijski klub Komenda;SLO;3;M12;M12;;;;;;;;;;;;;;;;0;0;0;2;B;1.51;45;9;5;;67:10;59;07:40;60;08:57;73;10:59;61;14:57;62;16:57;63;20:15;68;21:11;38;25:05;100;31:29;;;;;;;;;;;;;;;;;;;;;;;;;;
137;2148495;78;Bizjak;Beno;;M;;0;11:00;71:12;60:12;0;5;OK Azimut;OK Azimut;SLO;3;M12;M12;;;;;;;;;;;;;;;;0;0;0;2;B;1.51;45;9;6;;71:12;59;03:15;60;04:24;73;06:40;61;11:54;62;35:19;63;47:20;68;51:15;38;57:37;100;58:59;;;;;;;;;;;;;;;;;;;;;;;;;;
191;2088832;111;Ferenc;Martin;;M;;0;32:04;67:09;35:05;1;10;OK Tivoli;OK Tivoli;SLO;3;M12;M12;;;;;;;;;;;;;;;;0;0;0;2;B;1.51;45;9;;;67:09;59;02:36;60;03:53;73;05:37;61;16:42;62;20:04;63;23:17;68;24:11;38;28:00;100;34:26;;;;;;;;;;;;;;;;;;;;;;;;;;
11;;191;;Vacant;;M;;0;41:00;;;0;;;;;3;M12;M12;;;;;;;;;;;;;;;;0;0;0;2;B;1.51;45;9;;;;;;;;;;;;;;;;;;;;;;;;;;;;;;;;;;;;;;;;;;;;;;;
139;2133344;77;Bizjak;Božo;;M;;0;03:00;35:51;32:51;0;5;OK Azimut;OK Azimut;SLO;5;M14;M14;;;;;;;;;;;;;;;;0;0;0;4;D;2.47;100;13;1;;35:51;39;03:29;67;08:11;68;09:58;62;14:59;77;17:57;43;20:23;70;21:44;69;23:14;81;25:03;60;27:30;75;28:50;65;30:33;100;32:04;;;;;;;;;;;;;;;;;;
140;2045663;87;Bogataj;Rok;;M;;0;27:00;60:21;33:21;0;5;OK Azimut;OK Azimut;SLO;5;M14;M14;;;;;;;;;;;;;;;;0;0;0;4;D;2.47;100;13;2;;60:21;39;03:35;67;05:26;68;09:24;62;14:35;77;17:27;43;19:12;70;20:13;69;21:56;81;23:20;60;27:01;75;28:18;65;30:41;100;32:16;;;;;;;;;;;;;;;;;;
77;2113837;9;Cokan;Jan;;M;;0;30:00;68:40;38:40;0;4;OK Komenda;Orientacijski klub Komenda;SLO;5;M14;M14;;;;;;;;;;;;;;;;0;0;0;4;D;2.47;100;13;3;;68:40;39;04:07;67;06:09;68;08:08;62;11:51;77;14:42;43;16:32;70;17:34;69;20:09;81;22:44;60;25:46;75;27:16;65;34:45;100;36:49;;;;;;;;;;;;;;;;;;
154;1100102;157;Sedej;David;;M;;0;15:00;60:23;45:23;0;5;OK Azimut;OK Azimut;SLO;5;M14;M14;;;;;;;;;;;;;;;;0;0;0;4;D;2.47;100;13;4;;60:23;39;04:16;67;06:15;68;08:25;62;13:52;77;17:23;43;19:13;70;20:51;69;22:49;81;24:41;60;27:43;75;31:42;65;42:38;100;44:36;;;;;;;;;;;;;;;;;;
75;1425114;4;Malus;Ožbej;;M;;0;06:00;53:50;47:50;0;4;OK Komenda;Orientacijski klub Komenda;SLO;5;M14;M14;;;;;;;;;;;;;;;;0;0;0;4;D;2.47;100;13;5;;53:50;39;04:54;67;07:41;68;10:24;62;22:59;77;26:56;43;29:02;70;33:01;69;35:15;81;37:58;60;41:08;75;42:45;65;44:40;100;46:31;;;;;;;;;;;;;;;;;;
76;2069825;36;Seljak;Jaka;;M;;0;12:00;60:31;48:31;0;4;OK Komenda;Orientacijski klub Komenda;SLO;5;M14;M14;;;;;;;;;;;;;;;;0;0;0;4;D;2.47;100;13;6;;60:31;39;03:24;67;07:10;68;10:40;62;16:50;77;20:58;43;23:32;70;26:02;69;28:08;81;31:21;60;34:59;75;38:32;65;46:23;100;47:49;;;;;;;;;;;;;;;;;;
123;406857;53;Gantar;Borut;;M;;0;09:00;60:35;51:35;0;5;OK Azimut;OK Azimut;SLO;5;M14;M14;;;;;;;;;;;;;;;;0;0;0;4;D;2.47;100;13;7;;60:35;39;04:01;67;06:51;68;09:46;62;15:13;77;19:05;43;23:09;70;26:38;69;28:41;81;31:17;60;35:31;75;37:46;65;48:35;100;50:53;;;;;;;;;;;;;;;;;;
78;2103910;65;Kremžar;Florijan;;M;;0;18:00;85:20;67:20;0;4;OK Komenda;Orientacijski klub Komenda;SLO;5;M14;M14;;;;;;;;;;;;;;;;0;0;0;4;D;2.47;100;13;8;;85:20;39;04:36;67;07:32;68;10:31;62;36:50;77;41:52;43;45:22;70;47:17;69;49:15;81;52:17;60;58:22;75;60:35;65;63:36;100;66:23;;;;;;;;;;;;;;;;;;
161;435134;56;Foški;Oskar;;M;;0;21:00;;;1;6;OK Polaris;Orientacijski Klub Polaris;SLO;5;M14;M14;;;;;;;;;;;;;;;;0;0;0;4;D;2.47;100;13;;;;;;;;;;;;;;;;;;;;;;;;;;;;;;;;;;;;;;;;;;;;;;;
13;;193;;Vacant;;M;;0;24:00;;;0;;;;;5;M14;M14;;;;;;;;;;;;;;;;0;0;0;4;D;2.47;100;13;;;;;;;;;;;;;;;;;;;;;;;;;;;;;;;;;;;;;;;;;;;;;;;
84;8011033;35;Seljak;Luka;;M;;0;54:00;84:54;30:54;0;4;OK Komenda;Orientacijski klub Komenda;SLO;7;M16;M16;;;;;;;;;;;;;;;;0;0;0;6;F;3.38;150;17;1;;84:54;64;02:55;63;03:56;66;07:00;61;07:59;81;10:28;83;11:51;76;14:33;80;16:31;82;17:55;51;20:25;53;22:50;87;24:16;85;25:25;55;26:02;56;26:58;57;29:09;100;30:12;;;;;;;;;;
100;1425107;120;Turk;Nejc;;M;;0;48:00;81:14;33:14;0;4;OK Komenda;Orientacijski klub Komenda;SLO;7;M16;M16;;;;;;;;;;;;;;;;0;0;0;6;F;3.38;150;17;2;;81:14;64;03:40;63;04:40;66;07:44;61;08:46;81;11:34;83;13:23;76;15:34;80;18:15;82;19:30;51;22:18;53;25:09;87;26:39;85;27:51;55;28:34;56;29:28;57;31:46;100;32:34;;;;;;;;;;
130;2107071;49;Gantar;Primož;;M;;0;51:00;97:35;46:35;0;5;OK Azimut;OK Azimut;SLO;7;M16;M16;;;;;;;;;;;;;;;;0;0;0;6;F;3.38;150;17;3;;97:35;64;04:57;63;07:29;66;12:25;61;13:35;81;16:19;83;20:34;76;23:29;80;26:21;82;28:00;51;33:33;53;36:49;87;38:17;85;39:33;55;40:24;56;41:33;57;44:30;100;45:24;;;;;;;;;;
115;1425102;180;Zupan;Tilen;;M;;0;14:35;76:52;62:17;0;4;OK Komenda;Orientacijski klub Komenda;SLO;7;M16;M16;;;;;;;;;;;;;;;;0;0;0;6;F;3.38;150;17;4;;76:52;64;04:52;63;06:44;66;11:16;61;13:05;81;16:55;83;23:32;76;29:05;80;33:09;82;35:09;51;41:22;53;46:18;87;49:37;85;51:32;55;52:25;56;53:37;57;60:21;100;61:25;;;;;;;;;;
24;;195;;Vacant;;M;;0;45:00;;;0;;;;;7;M16;M16;;;;;;;;;;;;;;;;0;0;0;6;F;3.38;150;17;;;;;;;;;;;;;;;;;;;;;;;;;;;;;;;;;;;;;;;;;;;;;;;
101;2107053;123;Poženel;Natan Maj;;M;;0;44:00;88:56;44:56;0;4;OK Komenda;Orientacijski klub Komenda;SLO;9;M18;M18;;;;;;;;;;;;;;;;0;0;0;8;H;3.71;165;17;1;;88:56;75;02:08;39;03:39;62;05:55;43;11:12;70;12:22;83;17:44;48;20:01;49;22:15;82;25:47;72;28:00;86;30:21;53;32:07;84;34:19;55;36:55;56;38:04;40;41:01;100;43:03;;;;;;;;;;
183;2077853;140;Jevševar;Martin;;M;;0;41:00;87:16;46:16;0;9;OK Brežice;OK Brežice;SLO;9;M18;M18;;;;;;;;;;;;;;;;0;0;0;8;H;3.71;165;17;2;;87:16;75;01:35;39;03:18;62;08:28;43;12:48;70;15:55;83;20:57;48;23:18;49;25:34;82;28:41;72;30:39;86;34:28;53;36:40;84;38:55;55;40:45;56;41:50;40;43:58;100;45:39;;;;;;;;;;
196;2050437;100;Kunc;Matevž;;M;;0;47:00;105:36;58:36;0;10;OK Tivoli;OK Tivoli;SLO;9;M18;M18;;;;;;;;;;;;;;;;0;0;0;8;H;3.71;165;17;3;;105:36;75;01:39;39;03:27;62;07:24;43;14:36;70;16:37;83;21:29;48;23:51;49;25:48;82;31:08;72;35:26;86;42:21;53;44:20;84;50:43;55;52:22;56;53:36;40;56:00;100;58:02;;;;;;;;;;
26;;197;;Vacant;;M;;0;50:00;;;0;;;;;9;M18;M18;;;;;;;;;;;;;;;;0;0;0;8;H;3.71;165;17;;;;;;;;;;;;;;;;;;;;;;;;;;;;;;;;;;;;;;;;;;;;;;;
145;1000555;83;Eržen;Valentin;;M;;0;26:00;79:18;53:18;0;5;OK Azimut;OK Azimut;SLO;11;M21A;M21A;;;;;;;;;;;;;;;;0;0;0;8;H;3.71;165;17;1;;79:18;75;01:36;39;03:48;62;06:56;43;12:09;70;13:40;83;19:11;48;21:39;49;23:39;82;28:37;72;33:31;86;38:31;53;41:01;84;44:11;55;46:03;56;47:21;40;49:41;100;52:14;;;;;;;;;;
116;2088287;176;Pust;Tomaž;;M;;0;100:41;154:57;54:16;0;4;OK Komenda;Orientacijski klub Komenda;SLO;11;M21A;M21A;;;;;;;;;;;;;;;;0;0;0;8;H;3.71;165;17;2;;154:57;75;01:18;39;03:11;62;05:41;43;10:38;70;11:57;83;16:42;48;19:13;49;25:23;82;29:30;72;35:37;86;38:25;53;41:02;84;43:18;55;46:12;56;47:34;40;51:08;100;53:38;;;;;;;;;;
179;520502;151;Draksler;Matjaž;;M;;0;20:00;94:11;74:11;0;8;ŠOK;Škofjeloški orientacijski klub;SLO;11;M21A;M21A;;;;;;;;;;;;;;;;0;0;0;8;H;3.71;165;17;3;;94:11;75;01:34;39;05:57;62;08:47;43;14:15;70;15:59;83;21:45;48;28:10;49;30:31;82;36:13;72;41:00;86;56:26;53;60:38;84;63:25;55;65:40;56;66:55;40;70:50;100;73:35;;;;;;;;;;
177;980588;86;Cankar;Uroš;;M;;0;29:00;126:04;97:04;0;8;ŠOK;Škofjeloški orientacijski klub;SLO;11;M21A;M21A;;;;;;;;;;;;;;;;0;0;0;8;H;3.71;165;17;4;;126:04;75;06:48;39;08:51;62;13:56;43;21:25;70;23:16;83;32:38;48;39:52;49;43:36;82;49:42;72;54:53;86;68:20;53;72:02;84;78:27;55;81:56;56;84:16;40;89:14;100;95:42;;;;;;;;;;
6;;108;Marot;Blaž;;M;;0;32:00;;;1;;;;;11;M21A;M21A;;;;;;;;;;;;;;;;X;0;0;8;H;3.71;165;17;;;;;;;;;;;;;;;;;;;;;;;;;;;;;;;;;;;;;;;;;;;;;;;
158;2107057;179;Obid;Marko;;M;;0;35:00;;;1;5;OK Azimut;OK Azimut;SLO;11;M21A;M21A;;;;;;;;;;;;;;;;0;0;0;8;H;3.71;165;17;;;;;;;;;;;;;;;;;;;;;;;;;;;;;;;;;;;;;;;;;;;;;;;
105;2113841;91;Šuc;Timotej;;M;;0;27:00;71:10;44:10;0;4;OK Komenda;Orientacijski klub Komenda;SLO;12;M21B;M21B;;;;;;;;;;;;;;;;0;0;0;6;F;3.38;150;17;1;;71:10;64;03:46;63;05:14;66;08:41;61;10:22;81;12:47;83;14:25;76;17:37;80;20:52;82;22:26;51;25:52;53;30:55;87;32:54;85;34:50;55;35:36;56;36:48;57;42:37;100;43:29;;;;;;;;;;
104;2113833;145;Kurinčič;Simon;;M;;0;21:00;71:01;50:01;0;4;OK Komenda;Orientacijski klub Komenda;SLO;12;M21B;M21B;;;;;;;;;;;;;;;;0;0;0;6;F;3.38;150;17;2;;71:01;64;06:43;63;09:57;66;13:21;61;14:40;81;16:53;83;18:26;76;22:02;80;26:45;82;28:00;51;33:14;53;36:13;87;38:56;85;40:38;55;41:34;56;42:40;57;48:24;100;49:21;;;;;;;;;;
146;2142777;76;Kenda;Klemen;;M;;0;24:00;75:16;51:16;0;5;OK Azimut;OK Azimut;SLO;12;M21B;M21B;;;;;;;;;;;;;;;;0;0;0;6;F;3.38;150;17;3;;75:16;64;04:46;63;06:08;66;10:28;61;11:45;81;15:01;83;17:18;76;20:23;80;23:40;82;25:18;51;32:52;53;36:28;87;38:15;85;42:47;55;43:43;56;45:16;57;49:08;100;50:04;;;;;;;;;;
118;2113844;177;Korenjak;Miha;;M;;0;45:00;97:33;52:33;0;4;OK Komenda;Orientacijski klub Komenda;SLO;12;M21B;M21B;;;;;;;;;;;;;;;;0;0;0;6;F;3.38;150;17;4;;97:33;64;04:34;63;06:08;66;10:49;61;12:08;81;15:37;83;20:38;76;23:46;80;28:01;82;29:47;51;36:30;53;42:35;87;44:14;85;45:42;55;46:30;56;47:48;57;50:39;100;51:29;;;;;;;;;;
117;2070917;163;Jarc;Andrej;;M;;0;15:00;71:16;56:16;0;4;OK Komenda;Orientacijski klub Komenda;SLO;12;M21B;M21B;;;;;;;;;;;;;;;;0;0;0;6;F;3.38;150;17;5;;71:16;64;05:19;63;06:41;66;12:59;61;14:31;81;17:32;83;20:05;76;24:55;80;27:54;82;29:19;51;36:34;53;40:49;87;42:30;85;44:22;55;45:12;56;46:23;57;54:45;100;55:35;;;;;;;;;;
131;2107075;50;Gantar;Kristjan;;M;;0;30:00;87:06;57:06;0;5;OK Azimut;OK Azimut;SLO;12;M21B;M21B;;;;;;;;;;;;;;;;0;0;0;6;F;3.38;150;17;6;;87:06;64;04:55;63;06:05;66;10:44;61;11:53;81;14:48;83;17:10;76;19:31;80;23:05;82;24:38;51;28:27;53;33:26;87;35:28;85;44:04;55;44:58;56;46:06;57;55:19;100;56:20;;;;;;;;;;
133;2069845;46;Vidič;Matej;;M;;0;12:00;72:15;60:15;0;5;OK Azimut;OK Azimut;SLO;12;M21B;M21B;;;;;;;;;;;;;;;;0;0;0;6;F;3.38;150;17;7;;72:15;64;04:54;63;06:16;66;15:53;61;18:06;81;22:02;83;24:23;76;30:46;80;34:22;82;37:40;51;42:37;53;46:19;87;48:15;85;49:52;55;51:15;56;52:37;57;57:53;100;59:24;;;;;;;;;;
29;1425117;200;Malus;Franc;;M;;0;56:00;125:23;69:23;0;;;;;12;M21B;M21B;;;;;;;;;;;;;;;;0;0;0;6;F;3.38;150;17;8;;125:23;64;05:08;63;08:26;66;15:02;61;18:11;81;21:02;83;23:00;76;31:05;80;37:16;82;40:37;51;45:03;53;50:32;87;55:20;85;57:02;55;58:17;56;59:26;57;67:16;100;68:45;;;;;;;;;;
189;422525;10;Leskovšek;Gregor;;M;;0;37:03;187:22;150:19;0;10;OK Tivoli;OK Tivoli;SLO;12;M21B;M21B;;;;;;;;;;;;;;;;0;0;0;6;F;3.38;150;17;9;;187:22;64;14:54;63;21:22;66;43:22;61;62:05;81;67:28;83;72:35;76;88:55;80;95:48;82;100:21;51;110:40;53;117:28;87;122:10;85;127:35;55;129:56;56;132:13;57;142:12;100;149:18;;;;;;;;;;
147;2045683;89;Bogataj;Boštjan;;M;;0;03:00;;;2;5;OK Azimut;OK Azimut;SLO;12;M21B;M21B;;;;;;;;;;;;;;;;0;0;0;6;F;3.38;150;17;;;;64;04:13;63;08:19;;;;;81;28:48;83;33:27;76;36:51;80;39:44;82;41:21;51;46:03;;;;;;;;;;;;;;;;;;;;;;;;
132;1110256;69;Bizjak;Boštjan;;M;;0;18:00;97:09;79:09;3;5;OK Azimut;OK Azimut;SLO;12;M21B;M21B;;;;;;;;;;;;;;;;0;0;0;6;F;3.38;150;17;;;97:09;64;08:14;63;12:07;66;17:55;;;81;22:24;83;25:17;76;31:33;80;39:52;82;42:32;51;48:09;53;55:06;87;58:37;85;60:25;55;61:38;56;63:02;57;77:11;100;78:19;;;;;;;;;;
89;9101667;72;Blaž;Matic;;M;;0;44:00;80:44;36:44;0;4;OK Komenda;Orientacijski klub Komenda;SLO;14;M21E;M21E;;;;;;;;;;;;;;;;0;0;0;10;J;4.48;175;22;1;;80:44;78;01:19;64;02:34;41;04:00;42;05:12;62;06:03;74;09:13;69;10:02;45;13:28;46;14:25;47;15:27;83;17:53;76;19:38;80;21:37;50;22:46;51;24:57;86;25:50;53;27:11;54;30:57;55;32:04;56;33:11;57;35:33;100;36:13
185;439275;103;Bogovič;Vid;;M;;0;56:00;102:12;46:12;0;9;OK Brežice;OK Brežice;SLO;14;M21E;M21E;;;;;;;;;;;;;;;;0;0;0;10;J;4.48;175;22;2;;102:12;78;01:39;64;03:33;41;05:15;42;06:54;62;08:11;74;12:43;69;13:47;45;17:42;46;18:49;47;20:30;83;23:09;76;25:22;80;27:32;50;28:41;51;32:15;86;34:05;53;36:44;54;39:33;55;40:38;56;41:44;57;44:25;100;45:07
150;1398955;96;Hvala;Gregor;;M;;0;20:00;71:09;51:09;0;5;OK Azimut;OK Azimut;SLO;14;M21E;M21E;;;;;;;;;;;;;;;;0;0;0;10;J;4.48;175;22;3;;71:09;78;01:14;64;02:29;41;03:55;42;07:05;62;08:10;74;12:59;69;13:55;45;17:15;46;18:18;47;19:56;83;22:56;76;25:07;80;27:38;50;29:05;51;32:23;86;36:35;53;38:44;54;42:03;55;43:11;56;44:07;57;49:39;100;50:23
227;2034091;24;Čufer;David;;M;;0;32:00;89:36;57:36;0;22;PD Ajdovščina;Planinsko Društvo Ajdovščina;SLO;14;M21E;M21E;;;;;;;;;;;;;;;;0;0;0;10;J;4.48;175;22;4;;89:36;78;02:21;64;04:26;41;06:18;42;08:57;62;10:05;74;16:46;69;18:19;45;23:52;46;25:17;47;26:52;83;30:01;76;33:15;80;36:34;50;38:36;51;42:09;86;43:34;53;45:55;54;48:07;55;49:52;56;50:56;57;55:50;100;57:05
51;889724;126;Kračun;Rajko;;M;;0;22:00;87:03;65:03;0;1;Kamniški OK;Kamniški orientacijski klub;SLO;14;M21E;M21E;;;;;;;;;;;;;;;;0;0;0;10;J;4.48;175;22;5;;87:03;78;01:45;64;03:51;41;05:48;42;07:17;62;11:10;74;14:39;69;15:36;45;20:08;46;21:15;47;22:39;83;24:53;76;27:10;80;31:07;50;33:11;51;36:36;86;43:29;53;49:22;54;53:10;55;54:37;56;55:39;57;63:18;100;64:04
28;2065881;199;Giacometti;Carlo;;M;;0;23:00;120:16;97:16;0;;;;;14;M21E;M21E;;;;;;;;;;;;;;;;0;0;0;10;J;4.48;175;22;6;;120:16;78;02:05;64;04:09;41;15:56;42;17:48;62;20:06;74;25:35;69;27:07;45;33:36;46;35:17;47;37:06;83;41:51;76;45:04;80;52:46;50;54:50;51;58:53;86;61:53;53;64:30;54;74:07;55;76:18;56;77:39;57;95:12;100;96:22
32;;203;;Vacant;;M;;0;50:00;;;0;;;;;14;M21E;M21E;;;;;;;;;;;;;;;;0;0;0;10;J;4.48;175;22;;;;;;;;;;;;;;;;;;;;;;;;;;;;;;;;;;;;;;;;;;;;;;;
31;;202;;Vacant;;M;;0;26:00;;;0;;;;;14;M21E;M21E;;;;;;;;;;;;;;;;0;0;0;10;J;4.48;175;22;;;;;;;;;;;;;;;;;;;;;;;;;;;;;;;;;;;;;;;;;;;;;;;
81;7210500;59;Kölner;Blaž;;M;;0;49:00;89:17;40:17;0;4;OK Komenda;Orientacijski klub Komenda;SLO;16;M35;M35;;;;;;;;;;;;;;;;0;0;0;9;I;3.94;165;19;1;;89:17;67;02:58;68;04:14;42;06:22;74;10:24;44;11:58;79;15:01;83;16:12;49;19:02;80;21:54;82;23:01;51;26:08;52;29:05;53;31:24;87;32:30;85;33:32;55;34:16;56;35:17;40;37:01;100;39:42;;;;;;
181;2077852;142;Jevševar;Bojan;;M;;0;19:00;66:06;47:06;0;9;OK Brežice;OK Brežice;SLO;16;M35;M35;;;;;;;;;;;;;;;;0;0;0;9;I;3.94;165;19;2;;66:06;67;03:14;68;04:37;42;07:14;74;11:39;44;12:53;79;16:11;83;17:46;49;20:44;80;23:51;82;26:38;51;30:09;52;32:11;53;35:05;87;36:50;85;38:08;55;38:56;56;40:06;40;42:20;100;46:12;;;;;;
216;8014513;40;Sebera;Voclav;;M;;0;37:00;85:04;48:04;0;20;SFM;O-RUNNAI Beskydy;CZE;16;M35;M35;;;;;;;;;;;;;;;;0;0;0;9;I;3.94;165;19;3;;85:04;67;02:49;68;04:56;42;08:07;74;14:26;44;16:05;79;19:35;83;22:29;49;25:33;80;29:00;82;30:37;51;33:46;52;35:45;53;37:33;87;39:27;85;41:26;55;42:15;56;43:28;40;45:35;100;47:31;;;;;;
111;8681449;171;Gavrilov;Igor;;M;;0;13:00;61:45;48:45;0;4;OK Komenda;Orientacijski klub Komenda;SLO;16;M35;M35;;;;;;;;;;;;;;;;0;0;0;9;I;3.94;165;19;4;;61:45;67;02:55;68;04:13;42;11:52;74;16:59;44;18:30;79;22:13;83;24:23;49;26:53;80;30:01;82;31:04;51;33:54;52;35:19;53;39:13;87;40:20;85;41:20;55;42:08;56;43:21;40;46:25;100;48:08;;;;;;
200;1404144;122;Kropivšek;Leon;;M;;0;16:00;66:39;50:39;0;12;MOK;Mariborski OK;SLO;16;M35;M35;;;;;;;;;;;;;;;;0;0;0;9;I;3.94;165;19;5;;66:39;67;03:33;68;05:30;42;08:47;74;14:24;44;16:10;79;19:49;83;21:30;49;25:06;80;28:42;82;30:50;51;35:28;52;37:02;53;39:51;87;41:26;85;43:09;55;44:03;56;45:12;40;47:18;100;50:07;;;;;;
126;1021018;17;Bačnar;Janko;;M;;0;34:00;85:06;51:06;0;5;OK Azimut;OK Azimut;SLO;16;M35;M35;;;;;;;;;;;;;;;;0;0;0;9;I;3.94;165;19;6;;85:06;67;03:03;68;04:56;42;10:25;74;18:03;44;19:50;79;24:18;83;25:33;49;28:52;80;32:04;82;33:33;51;37:05;52;39:22;53;41:22;87;42:39;85;44:11;55;45:18;56;46:33;40;48:28;100;50:31;;;;;;
112;8150477;170;Churkin;Sergey;;M;;0;28:00;81:03;53:03;0;4;OK Komenda;Orientacijski klub Komenda;SLO;16;M35;M35;;;;;;;;;;;;;;;;0;0;0;9;I;3.94;165;19;7;;81:03;67;02:46;68;04:47;42;07:34;74;12:39;44;14:16;79;17:49;83;19:00;49;22:16;80;25:20;82;26:44;51;30:21;52;38:09;53;42:58;87;44:27;85;46:09;55;46:56;56;48:08;40;50:39;100;52:27;;;;;;
156;1413730;155;Sedej;Matej;;M;;0;40:00;94:12;54:12;0;5;OK Azimut;OK Azimut;SLO;16;M35;M35;;;;;;;;;;;;;;;;0;0;0;9;I;3.94;165;19;8;;94:12;67;06:05;68;08:05;42;11:38;74;17:21;44;19:10;79;22:38;83;24:35;49;28:36;80;32:35;82;34:24;51;40:03;52;42:18;53;44:09;87;45:41;85;47:00;55;47:47;56;49:29;40;51:08;100;53:37;;;;;;
1;1302717;42;Ievstafiev;Oleksandr;;M;;0;43:00;97:48;54:48;0;;;;;16;M35;M35;;;;;;;;;;;;;;;;0;0;0;9;I;3.94;165;19;9;;97:48;67;02:56;68;05:36;42;08:43;74;14:32;44;16:08;79;19:46;83;23:19;49;26:45;80;29:41;82;31:44;51;35:13;52;40:29;53;42:33;87;44:05;85;45:58;55;48:19;56;49:23;40;51:17;100;54:12;;;;;;
80;2103909;63;Kremžar;Tomaž;;M;;0;04:00;67:13;63:13;0;4;OK Komenda;Orientacijski klub Komenda;SLO;16;M35;M35;;;;;;;;;;;;;;;;0;0;0;9;I;3.94;165;19;10;;67:13;67;03:03;68;04:49;42;10:32;74;15:48;44;17:20;79;20:48;83;32:26;49;35:42;80;38:28;82;40:09;51;43:45;52;45:50;53;48:33;87;50:04;85;54:35;55;55:17;56;56:28;40;58:48;100;62:36;;;;;;
174;7110985;159;Tonneau;William;;M;;0;46:00;122:10;76:10;0;7;OLVE;OLV Eifel;BEL;16;M35;M35;;;;;;;;;;;;;;;;0;0;0;9;I;3.94;165;19;11;;122:10;67;03:47;68;07:02;42;11:02;74;17:08;44;19:22;79;23:46;83;29:58;49;43:13;80;47:35;82;50:13;51;57:09;52;59:22;53;62:04;87;65:30;85;67:07;55;68:15;56;69:37;40;72:02;100;75:30;;;;;;
198;2114457;136;Bončina;Igor;;M;;0;25:00;102:34;77:34;0;11;OK Slovenske Konjice;Orientacijski klub Slovenske Konjice;SLO;16;M35;M35;;;;;;;;;;;;;;;;0;0;0;9;I;3.94;165;19;12;;102:34;67;05:02;68;07:45;42;11:26;74;18:45;44;20:59;79;26:33;83;28:57;49;34:20;80;38:34;82;40:39;51;54:42;52;58:17;53;60:47;87;62:45;85;64:34;55;65:55;56;68:02;40;71:36;100;75:36;;;;;;
48;2022948;39;Lebar;Bojan;;M;;0;07:00;89:06;82:06;0;1;Kamniški OK;Kamniški orientacijski klub;SLO;16;M35;M35;;;;;;;;;;;;;;;;0;0;0;9;I;3.94;165;19;13;;89:06;67;06:37;68;09:08;42;17:53;74;28:21;44;30:56;79;34:48;83;37:06;49;43:23;80;48:04;82;50:07;51;58:43;52;65:31;53;68:14;87;69:46;85;71:41;55;72:54;56;74:04;40;76:12;100;80:06;;;;;;
62;8277083;173;Andrejc;David;;M;;0;31:00;125:27;94:27;0;2;OK SG;OK Slovenj Gradec;SLO;16;M35;M35;;;;;;;;;;;;;;;;0;0;0;9;I;3.94;165;19;14;;125:27;67;06:45;68;09:46;42;14:21;74;21:26;44;23:32;79;34:43;83;40:42;49;53:07;80;57:09;82;58:31;51;69:53;52;74:36;53;76:45;87;80:25;85;82:11;55;83:11;56;84:33;40;87:09;100;93:47;;;;;;
142;8101970;133;Poljanšek;Aleš;;M;;0;14:00;55:14;41:14;0;5;OK Azimut;OK Azimut;SLO;18;M45;M45;;;;;;;;;;;;;;;;0;0;0;7;G;3.51;160;17;1;;55:14;88;02:34;64;04:48;71;06:26;62;07:38;43;12:26;69;13:52;81;17:29;76;21:43;50;24:34;72;28:13;51;31:20;53;34:19;85;35:58;55;36:41;56;37:44;58;39:21;100;40:41;;;;;;;;;;
201;889722;134;Kustec;Stanislav;;M;;0;35:00;81:48;46:48;0;12;MOK;Mariborski OK;SLO;18;M45;M45;;;;;;;;;;;;;;;;0;0;0;7;G;3.51;160;17;2;;81:48;88;03:32;64;05:08;71;09:00;62;10:35;43;17:01;69;19:09;81;21:02;76;25:09;50;28:50;72;31:10;51;33:13;53;36:31;85;39:05;55;40:07;56;41:22;58;43:36;100;46:05;;;;;;;;;;
65;8654106;186;Raj;Gregor;;M;;0;47:00;94:21;47:21;0;2;OK SG;OK Slovenj Gradec;SLO;18;M45;M45;;;;;;;;;;;;;;;;0;0;0;7;G;3.51;160;17;3;;94:21;88;03:24;64;05:11;71;07:50;62;09:55;43;15:20;69;18:48;81;20:34;76;24:15;50;28:04;72;30:03;51;31:31;53;36:40;85;40:14;55;41:09;56;42:52;58;44:41;100;46:47;;;;;;;;;;
168;886218;114;Cimerman;Andrej;;M;;0;26:00;73:47;47:47;0;6;OK Polaris;Orientacijski Klub Polaris;SLO;18;M45;M45;;;;;;;;;;;;;;;;0;0;0;7;G;3.51;160;17;4;;73:47;88;04:49;64;07:44;71;10:16;62;11:30;43;16:14;69;18:44;81;20:34;76;24:58;50;29:29;72;31:13;51;33:07;53;38:04;85;40:59;55;41:51;56;43:09;58;44:38;100;47:18;;;;;;;;;;
66;8277084;169;Dudić;Marko;;M;;0;02:00;49:52;47:52;0;2;OK SG;OK Slovenj Gradec;SLO;18;M45;M45;;;;;;;;;;;;;;;;0;0;0;7;G;3.51;160;17;5;;49:52;88;03:41;64;05:12;71;08:05;62;09:23;43;13:57;69;16:24;81;18:31;76;22:53;50;26:19;72;31:35;51;33:20;53;37:18;85;41:41;55;42:35;56;43:58;58;45:39;100;47:15;;;;;;;;;;
208;8010762;97;Polster;Josef;;M;;0;50:00;97:52;47:52;0;15;HSV Spittal;HSV Spittal/Drau;AUT;18;M45;M45;;;;;;;;;;;;;;;;0;0;0;7;G;3.51;160;17;5;;97:52;88;02:57;64;04:18;71;07:18;62;09:05;43;13:40;69;17:38;81;19:22;76;26:27;50;29:48;72;32:47;51;34:28;53;37:32;85;40:12;55;41:03;56;42:32;58;44:03;100;47:16;;;;;;;;;;
167;895040;113;Savinšek;Primož;;M;;0;32:00;81:45;49:45;0;6;OK Polaris;Orientacijski Klub Polaris;SLO;18;M45;M45;;;;;;;;;;;;;;;;0;0;0;7;G;3.51;160;17;7;;81:45;88;06:28;64;08:05;71;11:58;62;13:32;43;19:58;69;22:08;81;24:04;76;28:12;50;31:46;72;34:12;51;36:18;53;39:35;85;42:01;55;43:04;56;44:12;58;46:34;100;49:05;;;;;;;;;;
176;520504;148;Eržen;Boris;;M;;0;05:00;55:23;50:23;0;8;ŠOK;Škofjeloški orientacijski klub;SLO;18;M45;M45;;;;;;;;;;;;;;;;0;0;0;7;G;3.51;160;17;8;;55:23;88;03:16;64;05:24;71;11:34;62;12:50;43;19:13;69;21:03;81;22:58;76;27:36;50;32:13;72;37:22;51;40:30;53;43:29;85;45:08;55;45:48;56;46:55;58;48:23;100;49:46;;;;;;;;;;
193;2073100;99;Kunc;Robert;;M;;0;23:00;73:52;50:52;0;10;OK Tivoli;OK Tivoli;SLO;18;M45;M45;;;;;;;;;;;;;;;;0;0;0;7;G;3.51;160;17;9;;73:52;88;07:56;64;10:33;71;13:06;62;14:25;43;19:12;69;21:49;81;23:37;76;27:56;50;32:21;72;34:09;51;36:03;53;41:13;85;44:02;55;44:55;56;46:02;58;47:35;100;50:18;;;;;;;;;;
213;8055077;75;Proske;Herwig;;M;;0;17:00;68:19;51:19;0;17;OCFF;OC Forstenfeld;AUT;18;M45;M45;;;;;;;;;;;;;;;;0;0;0;7;G;3.51;160;17;10;;68:19;88;03:19;64;05:35;71;13:48;62;15:01;43;20:39;69;22:26;81;24:33;76;28:25;50;32:56;72;35:01;51;36:59;53;41:11;85;44:47;55;45:42;56;47:02;58;48:56;100;50:32;;;;;;;;;;
214;8077770;74;Mandl;Robert;;M;;0;53:00;105:57;52:57;0;18;SPUK;SPORTUNION Klagenfurt;AUT;18;M45;M45;;;;;;;;;;;;;;;;0;0;0;7;G;3.51;160;17;11;;105:57;88;03:27;64;05:44;71;08:27;62;09:32;43;16:13;69;19:22;81;20:58;76;29:56;50;33:07;72;37:31;51;39:21;53;42:47;85;46:10;55;47:03;56;48:15;58;50:10;100;52:20;;;;;;;;;;
163;1398948;55;Foški;Valter;;M;;0;20:00;73:48;53:48;0;6;OK Polaris;Orientacijski Klub Polaris;SLO;18;M45;M45;;;;;;;;;;;;;;;;0;0;0;7;G;3.51;160;17;12;;73:48;88;06:05;64;07:20;71;10:52;62;11:49;43;18:08;69;20:59;81;23:10;76;28:36;50;32:46;72;35:04;51;36:39;53;43:17;85;46:36;55;47:31;56;48:40;58;50:23;100;53:21;;;;;;;;;;
217;8447448;31;Zirnig;Alexander;;M;;0;08:00;68:26;60:26;0;21;HSV OL  Villach;HSV OL Villach;AUT;18;M45;M45;;;;;;;;;;;;;;;;0;0;0;7;G;3.51;160;17;13;;68:26;88;03:40;64;08:02;71;12:09;62;13:40;43;18:34;69;20:04;81;23:44;76;30:40;50;35:19;72;41:49;51;43:49;53;47:48;85;50:28;55;51:25;56;52:51;58;57:04;100;59:33;;;;;;;;;;
192;435642;112;Ferenc;Ales;;M;;0;44:00;105:55;61:55;0;10;OK Tivoli;OK Tivoli;SLO;18;M45;M45;;;;;;;;;;;;;;;;0;0;0;7;G;3.51;160;17;14;;105:55;88;04:31;64;06:25;71;09:17;62;10:46;43;17:27;69;21:46;81;23:47;76;28:11;50;33:44;72;37:15;51;39:33;53;47:14;85;53:13;55;54:41;56;56:31;58;59:07;100;61:27;;;;;;;;;;
162;886733;11;Benko;Robert;;M;;0;56:00;128:52;72:52;0;6;OK Polaris;Orientacijski Klub Polaris;SLO;18;M45;M45;;;;;;;;;;;;;;;;0;0;0;7;G;3.51;160;17;15;;128:52;88;12:38;64;14:47;71;20:17;62;21:55;43;27:27;69;34:27;81;36:41;76;43:14;50;47:26;72;51:24;51;53:34;53;61:22;85;65:19;55;66:20;56;68:11;58;69:54;100;72:20;;;;;;;;;;
188;2114460;30;Pobega;Davor;;M;;0;29:00;92:04;63:04;3;10;OK Tivoli;OK Tivoli;SLO;18;M45;M45;;;;;;;;;;;;;;;;0;0;0;7;G;3.51;160;17;;;92:04;88;03:36;64;06:14;71;09:53;62;11:17;43;17:51;69;20:12;81;22:35;76;26:50;50;32:27;72;36:17;51;39:11;53;46:02;85;49:50;55;51:11;56;53:20;58;57:53;;;;;;;;;;;;
17;;209;;Vacant;;M;;0;41:00;;;0;;;;;18;M45;M45;;;;;;;;;;;;;;;;0;0;0;7;G;3.51;160;17;;;;;;;;;;;;;;;;;;;;;;;;;;;;;;;;;;;;;;;;;;;;;;;
172;7841967;174;Škarabot;Miha;;M;;0;38:00;95:17;57:17;3;6;OK Polaris;Orientacijski Klub Polaris;SLO;18;M45;M45;;;;;;;;;;;;;;;;0;0;0;7;G;3.51;160;17;;;95:17;88;09:27;64;12:12;71;15:06;62;16:06;43;23:42;69;26:41;81;28:17;76;31:30;50;35:49;72;37:35;51;39:03;53;42:34;85;51:01;55;53:21;56;54:28;58;55:59;;;;;;;;;;;;
18;;210;;Vacant;;M;;0;11:00;;;0;;;;;18;M45;M45;;;;;;;;;;;;;;;;0;0;0;7;G;3.51;160;17;;;;;;;;;;;;;;;;;;;;;;;;;;;;;;;;;;;;;;;;;;;;;;;
129;1401599;38;Močnik;Silvij;;M;;0;67:00;115:11;48:11;0;5;OK Azimut;OK Azimut;SLO;20;M55;M55;;;;;;;;;;;;;;;;0;0;0;5;E;2.9;130;15;1;;115:11;65;02:30;39;04:32;71;06:33;61;09:33;73;11:36;81;14:05;76;17:54;50;22:32;72;26:57;52;35:19;85;38:11;55;39:17;56;40:40;58;45:27;100;47:28;;;;;;;;;;;;;;
128;2114459;37;Leban;Marijan;;M;;0;79:00;146:20;67:20;0;5;OK Azimut;OK Azimut;SLO;20;M55;M55;;;;;;;;;;;;;;;;0;0;0;5;E;2.9;130;15;2;;146:20;65;03:39;39;06:00;71;08:51;61;19:22;73;20:53;81;25:37;76;30:44;50;37:41;72;45:32;52;49:59;85;53:21;55;54:48;56;56:49;58;60:18;100;66:13;;;;;;;;;;;;;;
205;8117111;115;Pregartner;Georg;;M;;0;85:00;154:54;69:54;0;14;OLGDK;OLG Deutsch Kaltenbrunn;AUT;20;M55;M55;;;;;;;;;;;;;;;;0;0;0;5;E;2.9;130;15;3;;154:54;65;02:44;39;05:00;71;08:45;61;14:26;73;16:16;81;21:36;76;27:09;50;31:34;72;39:23;52;50:59;85;60:46;55;61:50;56;63:26;58;65:36;100;69:11;;;;;;;;;;;;;;
21;;213;;Vacant;;M;;0;61:00;;;0;;;;;20;M55;M55;;;;;;;;;;;;;;;;0;0;0;5;E;2.9;130;15;;;;;;;;;;;;;;;;;;;;;;;;;;;;;;;;;;;;;;;;;;;;;;;
20;;212;;Vacant;;M;;0;73:00;;;0;;;;;20;M55;M55;;;;;;;;;;;;;;;;0;0;0;5;E;2.9;130;15;;;;;;;;;;;;;;;;;;;;;;;;;;;;;;;;;;;;;;;;;;;;;;;
165;232445;13;Smole;Dušan;;M;;0;55:00;104:42;49:42;3;6;OK Polaris;Orientacijski Klub Polaris;SLO;20;M55;M55;;;;;;;;;;;;;;;;0;0;0;5;E;2.9;130;15;;;104:42;65;02:49;39;05:25;71;07:49;61;11:04;73;13:09;81;17:34;76;21:44;50;25:28;72;28:09;52;39:07;85;44:00;55;45:05;56;46:19;58;48:18;;;;;;;;;;;;;;;;
215;46242;70;Germ;Wolfgang;;M;;0;51:00;99:14;48:14;0;19;NF Kohnsdorf;Naturfreunde Kohnsdorf;AUT;22;M65;M65;;;;;;;;;;;;;;;;0;0;0;4;D;2.47;100;13;1;;99:14;39;04:25;67;06:40;68;09:53;62;19:01;77;25:54;43;28:31;70;30:24;69;32:47;81;36:28;60;39:57;75;42:06;65;44:12;100;46:48;;;;;;;;;;;;;;;;;;
157;1398546;158;Sedej;Vlado;;M;;0;36:00;93:03;57:03;0;5;OK Azimut;OK Azimut;SLO;22;M65;M65;;;;;;;;;;;;;;;;0;0;0;4;D;2.47;100;13;2;;93:03;39;05:29;67;10:38;68;14:13;62;21:29;77;27:42;43;31:12;70;33:22;69;38:00;81;40:38;60;43:36;75;45:39;65;48:16;100;56:11;;;;;;;;;;;;;;;;;;
144;406850;102;Lapajne;Janko;;M;;0;42:00;105:37;63:37;0;5;OK Azimut;OK Azimut;SLO;22;M65;M65;;;;;;;;;;;;;;;;0;0;0;4;D;2.47;100;13;3;;105:37;39;05:00;67;07:49;68;11:16;62;24:19;77;28:46;43;33:19;70;36:48;69;39:55;81;42:47;60;47:17;75;55:40;65;58:16;100;62:27;;;;;;;;;;;;;;;;;;
23;;215;;Vacant;;M;;0;39:00;;;0;;;;;22;M65;M65;;;;;;;;;;;;;;;;0;0;0;4;D;2.47;100;13;;;;;;;;;;;;;;;;;;;;;;;;;;;;;;;;;;;;;;;;;;;;;;;
203;8181155;118;Dobnik;Gonther;;M;;0;48:00;;;1;13;OLCU Viktring;OLC Union Viktring;AUT;22;M65;M65;;;;;;;;;;;;;;;;0;0;0;4;D;2.47;100;13;;;;;;;;;;;;;;;;;;;;;;;;;;;;;;;;;;;;;;;;;;;;;;;
22;;214;;Vacant;;M;;0;45:00;;;0;;;;;22;M65;M65;;;;;;;;;;;;;;;;0;0;0;4;D;2.47;100;13;;;;;;;;;;;;;;;;;;;;;;;;;;;;;;;;;;;;;;;;;;;;;;;
69;218959;182;Krivičič;Dragan;;M;;0;00:00;;;1;3;OKPT;OK Perkmandeljc Trbovlje;SLO;25;OPEN;OPEN;;;;;;;;;;;;;;;;0;0;0;8;H;3.71;165;17;;;;;;;;;;;;;;;;;;;;;;;;;;;;;;;;;;;;;;;;;;;;;;;
47;;227;;Vacant;;M;;0;00:00;;;0;;;;;25;OPEN;OPEN;;;;;;;;;;;;;;;;0;0;0;8;H;3.71;165;17;;;;;;;;;;;;;;;;;;;;;;;;;;;;;;;;;;;;;;;;;;;;;;;
96;2070920;92;Šuc;Teja;;M;;0;40:00;53:55;13:55;0;4;OK Komenda;Orientacijski klub Komenda;SLO;2;W10;W10;;;;;;;;;;;;;;;;0;0;0;1;A;1.51;40;9;1;;53:55;31;01:57;32;03:20;33;04:49;34;06:09;35;07:13;36;08:33;37;10:50;38;12:21;100;13:05;;;;;;;;;;;;;;;;;;;;;;;;;;
95;2069797;146;Kurinčič;Jerca;;M;;0;04:00;21:25;17:25;0;4;OK Komenda;Orientacijski klub Komenda;SLO;2;W10;W10;;;;;;;;;;;;;;;;0;0;0;1;A;1.51;40;9;2;;21:25;31;02:17;32;03:58;33;05:57;34;07:44;35;09:03;36;11:23;37;14:05;38;15:19;100;16:09;;;;;;;;;;;;;;;;;;;;;;;;;;
121;2148496;73;Bizjak;Julija;;M;;0;10:00;27:38;17:38;0;5;OK Azimut;OK Azimut;SLO;2;W10;W10;;;;;;;;;;;;;;;;0;0;0;1;A;1.51;40;9;3;;27:38;31;01:56;32;03:14;33;05:09;34;06:51;35;08:03;36;10:41;37;14:22;38;15:54;100;16:47;;;;;;;;;;;;;;;;;;;;;;;;;;
70;2069813;43;Jeraj;Mija;;M;;0;16:00;36:01;20:01;0;4;OK Komenda;Orientacijski klub Komenda;SLO;2;W10;W10;;;;;;;;;;;;;;;;0;0;0;1;A;1.51;40;9;4;;36:01;31;01:54;32;03:20;33;04:53;34;06:14;35;07:15;36;09:02;37;10:19;38;11:19;100;11:59;;;;;;;;;;;;;;;;;;;;;;;;;;
94;2107083;124;Poženel;Leila Ema;;M;;0;34:00;54:20;20:20;0;4;OK Komenda;Orientacijski klub Komenda;SLO;2;W10;W10;;;;;;;;;;;;;;;;0;0;0;1;A;1.51;40;9;5;;54:20;31;03:24;32;05:32;33;09:15;34;11:13;35;12:39;36;14:52;37;16:52;38;18:26;100;19:37;;;;;;;;;;;;;;;;;;;;;;;;;;
71;2113838;64;Kremžar;Katarina;;M;;0;29:17;54:22;25:05;0;4;OK Komenda;Orientacijski klub Komenda;SLO;2;W10;W10;;;;;;;;;;;;;;;;0;0;0;1;A;1.51;40;9;6;;54:22;31;04:32;32;06:42;33;13:59;34;15:53;35;17:31;36;19:47;37;21:38;38;23:12;100;24:14;;;;;;;;;;;;;;;;;;;;;;;;;;
74;2113834;44;Jeraj;Ajda;;M;;0;53:00;73:56;20:56;0;4;OK Komenda;Orientacijski klub Komenda;SLO;4;W12;W12;;;;;;;;;;;;;;;;0;0;0;2;B;1.51;45;9;1;;73:56;59;01:54;60;03:15;73;05:35;61;08:02;62;11:30;63;14:35;68;15:58;38;19:21;100;20:01;;;;;;;;;;;;;;;;;;;;;;;;;;
122;2114454;52;Gantar;Brina;;M;;0;59:00;88:47;29:47;0;5;OK Azimut;OK Azimut;SLO;4;W12;W12;;;;;;;;;;;;;;;;0;0;0;2;B;1.51;45;9;2;;88:47;59;02:59;60;04:49;73;07:47;61;12:27;62;17:05;63;22:17;68;24:23;38;27:47;100;28:30;;;;;;;;;;;;;;;;;;;;;;;;;;
110;2034095;164;Jarc;Ajda;;M;;0;89:00;131:44;42:44;0;4;OK Komenda;Orientacijski klub Komenda;SLO;4;W12;W12;;;;;;;;;;;;;;;;0;0;0;2;B;1.51;45;9;3;;131:44;59;03:03;60;07:32;73;08:39;61;11:58;62;15:28;63;34:53;68;38:26;38;41:07;100;41:50;;;;;;;;;;;;;;;;;;;;;;;;;;
12;;192;;Vacant;;M;;0;77:00;;;0;;;;;4;W12;W12;;;;;;;;;;;;;;;;0;0;0;2;B;1.51;45;9;;;;;;;;;;;;;;;;;;;;;;;;;;;;;;;;;;;;;;;;;;;;;;;
59;8654092;184;Raj;Lili Ivana;;M;;0;65:00;104:05;39:05;3;2;OK SG;OK Slovenj Gradec;SLO;4;W12;W12;;;;;;;;;;;;;;;;0;0;0;2;B;1.51;45;9;;;104:05;59;02:02;60;03:19;73;19:28;61;22:33;62;26:09;;;68;32:32;38;37:47;100;38:29;;;;;;;;;;;;;;;;;;;;;;;;;;
138;2107055;84;Eržen;Nika;;M;;0;71:00;104:07;33:07;3;5;OK Azimut;OK Azimut;SLO;4;W12;W12;;;;;;;;;;;;;;;;0;0;0;2;B;1.51;45;9;;;104:07;59;01:55;60;03:32;73;12:24;61;21:19;62;25:01;;;68;30:30;38;31:46;100;32:29;;;;;;;;;;;;;;;;;;;;;;;;;;
60;8277079;168;Mezga;Frida;;M;;0;83:00;133:01;50:01;3;2;OK SG;OK Slovenj Gradec;SLO;4;W12;W12;;;;;;;;;;;;;;;;0;0;0;2;B;1.51;45;9;;;133:01;;;;;;;;;;;;;;;;;100;48:12;;;;;;;;;;;;;;;;;;;;;;;;;;
79;2113842;58;Kölner;Brina;;M;;0;45:00;65:29;20:29;0;4;OK Komenda;Orientacijski klub Komenda;SLO;6;W14;W14;;;;;;;;;;;;;;;;0;0;0;3;C;1.62;60;10;1;;65:29;75;01:32;60;02:47;73;04:26;61;06:32;77;08:28;66;09:46;63;14:32;68;16:58;64;18:11;100;19:52;;;;;;;;;;;;;;;;;;;;;;;;
141;2052183;85;Eržen;Nea;;M;;0;51:00;72:26;21:26;0;5;OK Azimut;OK Azimut;SLO;6;W14;W14;;;;;;;;;;;;;;;;0;0;0;3;C;1.62;60;10;2;;72:26;75;01:48;60;03:04;73;04:04;61;10:04;77;11:45;66;12:54;63;16:36;68;17:19;64;18:44;100;20:13;;;;;;;;;;;;;;;;;;;;;;;;
124;442834;62;Majdič;Špela;;M;;0;39:00;62:56;23:56;0;5;OK Azimut;OK Azimut;SLO;6;W14;W14;;;;;;;;;;;;;;;;0;0;0;3;C;1.62;60;10;3;;62:56;75;02:55;60;04:28;73;05:45;61;10:11;77;12:10;66;13:40;63;17:00;68;18:00;64;19:40;100;22:45;;;;;;;;;;;;;;;;;;;;;;;;
155;2107054;178;Obid;Neža;;M;;0;15:00;40:13;25:13;0;5;OK Azimut;OK Azimut;SLO;6;W14;W14;;;;;;;;;;;;;;;;0;0;0;3;C;1.62;60;10;4;;40:13;75;01:34;60;02:53;73;04:09;61;06:17;77;07:58;66;08:56;63;15:02;68;16:00;64;22:40;100;24:22;;;;;;;;;;;;;;;;;;;;;;;;
125;442805;68;Močnik;Jana;;M;;0;27:00;63:00;36:00;0;5;OK Azimut;OK Azimut;SLO;6;W14;W14;;;;;;;;;;;;;;;;0;0;0;3;C;1.62;60;10;5;;63:00;75;02:58;60;05:03;73;12:44;61;17:52;77;20:26;66;23:24;63;28:28;68;29:54;64;31:43;100;34:54;;;;;;;;;;;;;;;;;;;;;;;;
186;2114455;28;Ugrin;Nikolina;;M;;0;21:00;60:51;39:51;0;10;OK Tivoli;OK Tivoli;SLO;6;W14;W14;;;;;;;;;;;;;;;;0;0;0;3;C;1.62;60;10;6;;60:51;75;03:49;60;06:17;73;08:19;61;13:19;77;22:50;66;24:23;63;31:53;68;34:25;64;36:33;100;39:02;;;;;;;;;;;;;;;;;;;;;;;;
61;8654107;187;Raj;Ema Pika;;M;;0;09:00;49:16;40:16;0;2;OK SG;OK Slovenj Gradec;SLO;6;W14;W14;;;;;;;;;;;;;;;;0;0;0;3;C;1.62;60;10;7;;49:16;75;05:41;60;07:32;73;09:34;61;12:47;77;15:09;66;16:35;63;35:15;68;36:27;64;37:47;100;39:36;;;;;;;;;;;;;;;;;;;;;;;;
187;2073099;32;Kunc;Mojca;;M;;0;03:00;48:46;45:46;0;10;OK Tivoli;OK Tivoli;SLO;6;W14;W14;;;;;;;;;;;;;;;;0;0;0;3;C;1.62;60;10;8;;48:46;75;02:34;60;07:54;73;09:41;61;12:19;77;25:26;66;27:59;63;35:25;68;37:34;64;42:34;100;45:03;;;;;;;;;;;;;;;;;;;;;;;;
14;;194;;Vacant;;M;;0;33:00;;;0;;;;;6;W14;W14;;;;;;;;;;;;;;;;0;0;0;3;C;1.62;60;10;;;;;;;;;;;;;;;;;;;;;;;;;;;;;;;;;;;;;;;;;;;;;;;
85;1425116;3;Malus;Vita;;M;;0;37:00;80:36;43:36;0;4;OK Komenda;Orientacijski klub Komenda;SLO;8;W16;W16;;;;;;;;;;;;;;;;0;0;0;4;D;2.47;100;13;1;;80:36;39;07:39;67;09:52;68;15:55;62;20:18;77;24:10;43;26:32;70;28:20;69;30:10;81;32:35;60;36:32;75;38:38;65;40:51;100;42:42;;;;;;;;;;;;;;;;;;
25;;196;;Vacant;;M;;0;43:00;;;0;;;;;8;W16;W16;;;;;;;;;;;;;;;;0;0;0;4;D;2.47;100;13;;;;;;;;;;;;;;;;;;;;;;;;;;;;;;;;;;;;;;;;;;;;;;;
102;1425106;79;Ravnikar;Nika;;M;;0;00:00;58:44;58:44;0;4;OK Komenda;Orientacijski klub Komenda;SLO;10;W18;W18;;;;;;;;;;;;;;;;0;0;0;6;F;3.38;150;17;1;;58:44;64;04:27;63;05:30;66;09:48;61;11:58;81;17:33;83;25:36;76;30:59;80;34:49;82;36:28;51;42:40;53;46:13;87;47:57;85;50:07;55;50:54;56;52:03;57;55:59;100;57:30;;;;;;;;;;
103;2069847;130;Pust;Karin;;M;;0;05:00;71:29;66:29;0;4;OK Komenda;Orientacijski klub Komenda;SLO;10;W18;W18;;;;;;;;;;;;;;;;0;0;0;6;F;3.38;150;17;2;;71:29;64;05:28;63;10:53;66;17:17;61;19:09;81;27:09;83;31:29;76;35:32;80;40:39;82;43:02;51;48:47;53;53:09;87;55:27;85;57:27;55;58:28;56;60:11;57;64:42;100;65:35;;;;;;;;;;
184;2050470;141;Jevševar;Jedert;;M;;0;60:00;95:57;35:57;0;9;OK Brežice;OK Brežice;SLO;13;W21B;W21B;;;;;;;;;;;;;;;;0;0;0;4;D;2.47;100;13;1;;95:57;39;04:47;67;06:42;68;08:44;62;12:31;77;16:08;43;18:17;70;19:48;69;21:35;81;24:07;60;29:05;75;30:54;65;32:52;100;35:00;;;;;;;;;;;;;;;;;;
88;9000050;34;Vuga Seljak;Alenka;;M;;0;57:00;95:23;38:23;0;4;OK Komenda;Orientacijski klub Komenda;SLO;13;W21B;W21B;;;;;;;;;;;;;;;;0;0;0;4;D;2.47;100;13;2;;95:23;39;04:00;67;06:53;68;12:25;62;15:33;77;19:21;43;21:24;70;22:44;69;24:30;81;27:04;60;32:14;75;34:06;65;35:20;100;37:26;;;;;;;;;;;;;;;;;;
135;2107072;51;Gantar;Damjana;;M;;0;78:00;131:43;53:43;0;5;OK Azimut;OK Azimut;SLO;13;W21B;W21B;;;;;;;;;;;;;;;;0;0;0;4;D;2.47;100;13;3;;131:43;39;04:20;67;07:26;68;11:12;62;16:36;77;20:33;43;26:03;70;28:30;69;31:59;81;34:51;60;38:59;75;44:09;65;49:40;100;52:53;;;;;;;;;;;;;;;;;;
87;1425113;5;Malus;Marta;;M;;0;75:00;131:51;56:51;0;4;OK Komenda;Orientacijski klub Komenda;SLO;13;W21B;W21B;;;;;;;;;;;;;;;;0;0;0;4;D;2.47;100;13;4;;131:51;39;07:37;67;11:05;68;14:14;62;19:29;77;23:53;43;29:14;70;31:50;69;35:06;81;38:16;60;42:40;75;47:16;65;52:36;100;55:54;;;;;;;;;;;;;;;;;;
106;2113840;94;Gombač Šuc;Elena;;M;;0;69:00;131:44;62:44;0;4;OK Komenda;Orientacijski klub Komenda;SLO;13;W21B;W21B;;;;;;;;;;;;;;;;0;0;0;4;D;2.47;100;13;5;;131:44;39;05:27;67;09:10;68;20:18;62;25:39;77;29:16;43;34:52;70;37:36;69;41:08;81;43:47;60;47:58;75;53:12;65;58:43;100;61:55;;;;;;;;;;;;;;;;;;
49;7555005;66;Kmetec;Tanja;;M;;0;54:00;125:43;71:43;0;1;Kamniški OK;Kamniški orientacijski klub;SLO;13;W21B;W21B;;;;;;;;;;;;;;;;0;0;0;4;D;2.47;100;13;6;;125:43;39;07:25;67;10:45;68;14:42;62;31:51;77;36:57;43;41:42;70;45:31;69;48:45;81;51:42;60;56:35;75;61:07;65;65:28;100;69:54;;;;;;;;;;;;;;;;;;
180;520508;152;Draksler;Alja;;M;;0;66:00;138:10;72:10;0;8;ŠOK;Škofjeloški orientacijski klub;SLO;13;W21B;W21B;;;;;;;;;;;;;;;;0;0;0;4;D;2.47;100;13;7;;138:10;39;04:19;67;08:54;68;11:24;62;28:51;77;33:07;43;37:33;70;41:01;69;45:26;81;53:47;60;58:20;75;65:05;65;69:03;100;71:17;;;;;;;;;;;;;;;;;;
136;442828;15;Tušar;Tina;;M;;0;87:31;160:03;72:32;0;5;OK Azimut;OK Azimut;SLO;13;W21B;W21B;;;;;;;;;;;;;;;;0;0;0;4;D;2.47;100;13;8;;160:03;39;07:59;67;13:05;68;20:05;62;27:50;77;40:50;43;44:31;70;47:59;69;51:35;81;54:36;60;59:22;75;64:57;65;68:16;100;71:30;;;;;;;;;;;;;;;;;;
30;2052362;201;Bogataj;Špela;;M;;0;87:00;159:55;72:55;0;4;OK Komenda;Orientacijski klub Komenda;SLO;13;W21B;W21B;;;;;;;;;;;;;;;;0;0;0;4;D;2.47;100;13;9;;159:55;39;06:17;67;09:54;68;24:26;62;34:03;77;41:25;43;45:10;70;48:20;69;52:01;81;55:13;60;59:55;75;65:17;65;68:36;100;71:54;;;;;;;;;;;;;;;;;;
86;2300251;48;Lampe;Ajda;;M;;0;63:00;141:02;78:02;0;4;OK Komenda;Orientacijski klub Komenda;SLO;13;W21B;W21B;;;;;;;;;;;;;;;;0;0;0;4;D;2.47;100;13;10;;141:02;39;06:28;67;12:25;68;16:30;62;36:24;77;41:51;43;46:45;70;50:59;69;53:45;81;57:04;60;63:03;75;68:22;65;73:00;100;76:20;;;;;;;;;;;;;;;;;;
107;2113845;125;Gorjup Poženel;Darja;;M;;0;81:00;159:57;78:57;0;4;OK Komenda;Orientacijski klub Komenda;SLO;13;W21B;W21B;;;;;;;;;;;;;;;;0;0;0;4;D;2.47;100;13;11;;159:57;39;07:13;67;19:20;68;22:51;62;33:52;77;45:58;43;51:17;70;54:32;69;58:04;81;61:16;60;65:50;75;71:22;65;74:42;100;77:58;;;;;;;;;;;;;;;;;;
148;2088810;88;Bogataj;Nataša;;M;;0;01:00;67:22;66:22;3;5;OK Azimut;OK Azimut;SLO;13;W21B;W21B;;;;;;;;;;;;;;;;0;0;0;4;D;2.47;100;13;;;67:22;39;06:53;67;12:53;68;17:06;62;38:52;77;43:57;;;;;;;81;49:39;;;;;;;;;;;;;;;;;;;;;;;;;;
159;406859;156;Sedej;Katarina;;M;;0;72:00;;;1;5;OK Azimut;OK Azimut;SLO;13;W21B;W21B;;;;;;;;;;;;;;;;0;0;0;4;D;2.47;100;13;;;;;;;;;;;;;;;;;;;;;;;;;;;;;;;;;;;;;;;;;;;;;;;
170;1398927;101;Osterman;Eneja;;M;;0;85:00;133:44;48:44;0;6;OK Polaris;Orientacijski Klub Polaris;SLO;15;W21E;W21E;;;;;;;;;;;;;;;;0;0;0;9;I;3.94;165;19;1;;133:44;67;02:42;68;04:03;42;06:37;74;10:45;44;11:55;79;15:15;83;17:59;49;25:29;80;28:12;82;29:34;51;33:05;52;38:20;53;40:32;87;41:59;85;43:15;55;43:55;56;44:57;40;46:28;100;48:06;;;;;;
108;7210499;129;Jezeršek;Polona;;M;;0;103:04;156:44;53:40;0;4;OK Komenda;Orientacijski klub Komenda;SLO;15;W21E;W21E;;;;;;;;;;;;;;;;0;0;0;9;I;3.94;165;19;2;;156:44;67;03:29;68;05:16;42;09:07;74;15:08;44;16:57;79;21:24;83;22:54;49;27:27;80;31:03;82;32:46;51;37:18;52;39:35;53;41:21;87;43:13;85;45:52;55;46:43;56;47:53;40;50:20;100;52:43;;;;;;
152;8092000;150;Poljanšek;Nika;;M;;0;79:00;133:29;54:29;0;5;OK Azimut;OK Azimut;SLO;15;W21E;W21E;;;;;;;;;;;;;;;;0;0;0;9;I;3.94;165;19;3;;133:29;67;03:59;68;06:14;42;10:42;74;17:07;44;18:44;79;23:37;83;25:12;49;31:34;80;34:49;82;37:24;51;41:30;52;43:13;53;45:02;87;46:27;85;47:42;55;48:36;56;49:53;40;51:52;100;53:56;;;;;;
34;8021932;205;Borish;Tori;;M;;0;58:00;114:00;56:00;0;;;;;15;W21E;W21E;;;;;;;;;;;;;;;;0;0;0;9;I;3.94;165;19;4;;114:00;67;03:53;68;05:43;42;09:45;74;15:18;44;17:12;79;20:32;83;22:07;49;26:19;80;29:54;82;31:14;51;36:48;52;38:50;53;41:12;87;42:43;85;44:45;55;45:35;56;46:54;40;52:10;100;55:27;;;;;;
197;406886;139;Pribakovič Borštnik;Ana;;M;;0;88:00;144:17;56:17;0;10;OK Tivoli;OK Tivoli;SLO;15;W21E;W21E;;;;;;;;;;;;;;;;0;0;0;9;I;3.94;165;19;5;;144:17;67;04:30;68;06:42;42;09:40;74;16:13;44;18:13;79;22:36;83;24:33;49;28:26;80;32:23;82;34:06;51;38:55;52;40:50;53;43:04;87;44:58;85;46:43;55;48:01;56;49:23;40;52:41;100;55:25;;;;;;
54;8333301;188;Flerin Drevenšek;Mojca;;M;;0;01:00;57:34;56:34;0;1;Kamniški OK;Kamniški orientacijski klub;SLO;15;W21E;W21E;;;;;;;;;;;;;;;;0;0;0;9;I;3.94;165;19;6;;57:34;67;03:12;68;05:14;42;08:59;74;13:37;44;15:00;79;18:13;83;24:38;49;27:35;80;30:45;82;33:08;51;36:41;52;38:47;53;42:35;87;44:43;85;49:10;55;49:57;56;51:06;40;53:35;100;55:40;;;;;;
3;1005598;41;Reshetniak;Elizaveta;;M;;0;76:00;133:54;57:54;0;;;;;15;W21E;W21E;;;;;;;;;;;;;;;;0;0;0;9;I;3.94;165;19;7;;133:54;67;03:33;68;05:44;42;08:30;74;13:41;44;17:19;79;21:32;83;23:06;49;27:49;80;31:26;82;33:11;51;43:30;52;45:36;53;47:51;87;49:35;85;50:55;55;51:44;56;52:58;40;55:06;100;57:09;;;;;;
91;9002007;71;Ravnikar;Monika;;M;;0;111:10;187:19;76:09;0;4;OK Komenda;Orientacijski klub Komenda;SLO;15;W21E;W21E;;;;;;;;;;;;;;;;0;0;0;9;I;3.94;165;19;8;;187:19;67;04:25;68;06:38;42;11:20;74;18:17;44;20:56;79;27:09;83;29:00;49;33:50;80;38:21;82;40:53;51;46:16;52;58:02;53;60:31;87;62:32;85;64:54;55;66:04;56;67:43;40;71:57;100;75:12;;;;;;
50;1408132;67;Kmetec;Barbara;;M;;0;61:00;118:10;57:10;3;1;Kamniški OK;Kamniški orientacijski klub;SLO;15;W21E;W21E;;;;;;;;;;;;;;;;0;0;0;9;I;3.94;165;19;;;118:10;67;04:49;68;07:24;42;11:03;74;26:38;44;29:05;79;36:54;83;39:10;49;44:28;;;;;;;;;;;;;;;;;;;;;;;;;;;;
166;1401548;57;Foški;Brina;;M;;0;55:00;;;1;6;OK Polaris;Orientacijski Klub Polaris;SLO;15;W21E;W21E;;;;;;;;;;;;;;;;0;0;0;9;I;3.94;165;19;;;;;;;;;;;;;;;;;;;;;;;;;;;;;;;;;;;;;;;;;;;;;;;
151;2114447;149;Serženta Seljak;Zala;;M;;0;73:00;128:35;55:35;3;5;OK Azimut;OK Azimut;SLO;15;W21E;W21E;;;;;;;;;;;;;;;;0;0;0;9;I;3.94;165;19;;;128:35;67;03:56;68;06:27;42;09:23;74;14:03;44;15:50;79;19:31;;;49;25:35;80;28:42;82;30:05;51;36:20;52;39:11;53;41:00;87;43:06;85;44:30;55;46:13;56;48:45;40;50:58;100;54:26;;;;;;
35;;206;;Vacant;;M;;0;64:00;;;0;;;;;15;W21E;W21E;;;;;;;;;;;;;;;;0;0;0;9;I;3.94;165;19;;;;;;;;;;;;;;;;;;;;;;;;;;;;;;;;;;;;;;;;;;;;;;;
113;2070918;160;Močnik;Tina;;M;;0;80:00;132:26;52:26;0;4;OK Komenda;Orientacijski klub Komenda;SLO;17;W35;W35;;;;;;;;;;;;;;;;0;0;0;7;G;3.51;160;17;1;;132:26;88;03:41;64;05:24;71;09:16;62;11:13;43;18:37;69;20:51;81;23:18;76;27:15;50;31:22;72;35:31;51;37:17;53;41:05;85;44:00;55;45:43;56;47:57;58;49:48;100;51:42;;;;;;;;;;
64;8277078;183;Raj;Nastja;;M;;0;77:00;132:27;55:27;0;2;OK SG;OK Slovenj Gradec;SLO;17;W35;W35;;;;;;;;;;;;;;;;0;0;0;7;G;3.51;160;17;2;;132:27;88;04:39;64;07:28;71;12:25;62;14:18;43;21:41;69;23:55;81;26:05;76;30:17;50;34:26;72;38:34;51;40:25;53;44:10;85;47:09;55;48:47;56;51:04;58;52:52;100;54:46;;;;;;;;;;
182;2077785;143;Hribar;Anica;;M;;0;68:00;128:13;60:13;0;9;OK Brežice;OK Brežice;SLO;17;W35;W35;;;;;;;;;;;;;;;;0;0;0;7;G;3.51;160;17;3;;128:13;88;04:37;64;06:28;71;09:21;62;10:42;43;15:37;69;22:20;81;24:33;76;29:49;50;34:18;72;39:20;51;41:17;53;44:18;85;51:44;55;52:35;56;54:59;58;57:10;100;59:33;;;;;;;;;;
53;1404141;131;Flerin Drevenšek;Suzana;;M;;0;92:00;160:31;68:31;0;1;Kamniški OK;Kamniški orientacijski klub;SLO;17;W35;W35;;;;;;;;;;;;;;;;0;0;0;7;G;3.51;160;17;4;;160:31;88;04:48;64;06:53;71;12:17;62;14:35;43;23:12;69;27:05;81;30:14;76;39:18;50;44:21;72;47:28;51;50:13;53;54:18;85;56:58;55;58:14;56;60:03;58;63:04;100;67:40;;;;;;;;;;
175;2045587;8;Plavčak;Ana;;M;;0;65:00;136:23;71:23;0;8;ŠOK;Škofjeloški orientacijski klub;SLO;17;W35;W35;;;;;;;;;;;;;;;;0;0;0;7;G;3.51;160;17;5;;136:23;88;03:26;64;05:28;71;10:50;62;12:08;43;23:36;69;25:33;81;27:58;76;35:51;50;40:26;72;42:29;51;44:10;53;48:34;85;61:47;55;62:47;56;65:09;58;68:23;100;70:33;;;;;;;;;;
63;8277080;166;Balažič;Petja;;M;;0;83:00;156:45;73:45;0;2;OK SG;OK Slovenj Gradec;SLO;17;W35;W35;;;;;;;;;;;;;;;;0;0;0;7;G;3.51;160;17;6;;156:45;88;14:09;64;15:23;71;21:03;62;22:56;43;30:06;69;33:16;81;39:07;76;47:26;50;53:25;72;56:30;51;58:53;53;62:34;85;66:01;55;67:07;56;68:35;58;70:43;100;72:47;;;;;;;;;;
82;1425110;61;Hacin Kölner;Irena;;M;;0;86:00;165:56;79:56;0;4;OK Komenda;Orientacijski klub Komenda;SLO;17;W35;W35;;;;;;;;;;;;;;;;0;0;0;7;G;3.51;160;17;7;;165:56;88;04:17;64;06:12;71;15:08;62;17:17;43;23:53;69;26:50;81;29:08;76;35:35;50;51:56;72;56:51;51;58:45;53;65:49;85;68:52;55;70:08;56;71:52;58;75:07;100;79:11;;;;;;;;;;
52;1404145;137;Zagorc;Tina;;M;;0;62:00;145:41;83:41;0;1;Kamniški OK;Kamniški orientacijski klub;SLO;17;W35;W35;;;;;;;;;;;;;;;;0;0;0;7;G;3.51;160;17;8;;145:41;88;04:25;64;05:50;71;14:19;62;15:42;43;21:18;69;23:17;81;25:05;76;54:15;50;61:41;72;64:27;51;66:26;53;69:49;85;72:50;55;74:00;56;75:29;58;77:33;100;82:41;;;;;;;;;;
99;1425118;144;Paradiž;Petra;;M;;0;71:00;185:55;114:55;0;4;OK Komenda;Orientacijski klub Komenda;SLO;17;W35;W35;;;;;;;;;;;;;;;;0;0;0;7;G;3.51;160;17;9;;185:55;88;26:16;64;27:46;71;32:52;62;35:03;43;42:09;69;45:13;81;51:03;76;59:41;50;67:45;72;79:35;51;83:43;53;95:40;85;105:11;55;106:38;56;108:19;58;110:24;100;114:05;;;;;;;;;;
2;7207941;33;Blejec;Maja;;M;;0;74:00;203:20;129:20;0;;;;;17;W35;W35;;;;;;;;;;;;;;;;X;0;0;7;G;3.51;160;17;10;;203:20;88;06:52;64;10:22;71;30:16;62;32:02;43;46:04;69;49:40;81;53:17;76;65:23;50;79:30;72;87:07;51;90:31;53;98:04;85;102:20;55;103:45;56;105:43;58;109:03;100;128:11;;;;;;;;;;
16;;208;;Vacant;;M;;0;89:00;;;0;;;;;17;W35;W35;;;;;;;;;;;;;;;;0;0;0;7;G;3.51;160;17;;;;;;;;;;;;;;;;;;;;;;;;;;;;;;;;;;;;;;;;;;;;;;;
127;2141141;45;Žižek;Saša;;M;;0;13:00;80:40;67:40;0;5;OK Azimut;OK Azimut;SLO;19;W45;W45;;;;;;;;;;;;;;;;0;0;0;5;E;2.9;130;15;1;;80:40;65;06:00;39;09:59;71;13:35;61;17:25;73;21:36;81;24:32;76;30:17;50;35:11;72;44:12;52;53:05;85;57:29;55;58:55;56;60:30;58;63:32;100;66:37;;;;;;;;;;;;;;
83;2069834;54;Stojan;Petra;;M;;0;10:35;80:39;70:04;0;4;OK Komenda;Orientacijski klub Komenda;SLO;19;W45;W45;;;;;;;;;;;;;;;;0;0;0;5;E;2.9;130;15;2;;80:39;65;07:50;39;12:08;71;16:03;61;20:36;73;24:06;81;27:29;76;35:18;50;42:42;72;46:45;52;55:36;85;59:58;55;61:17;56;62:58;58;65:46;100;69:03;;;;;;;;;;;;;;
143;8081970;132;Poljanšek;Marjanca;;M;;0;43:00;115:27;72:27;0;5;OK Azimut;OK Azimut;SLO;19;W45;W45;;;;;;;;;;;;;;;;0;0;0;5;E;2.9;130;15;3;;115:27;65;06:18;39;08:21;71;14:10;61;22:40;73;24:59;81;29:14;76;34:55;50;41:21;72;45:54;52;59:26;85;62:33;55;63:38;56;65:50;58;69:30;100;71:39;;;;;;;;;;;;;;
204;8111211;116;Maget;Brigitte;;M;;0;31:00;118:59;87:59;0;14;OLGDK;OLG Deutsch Kaltenbrunn;AUT;19;W45;W45;;;;;;;;;;;;;;;;0;0;0;5;E;2.9;130;15;4;;118:59;65;03:00;39;12:49;71;16:09;61;20:17;73;37:07;81;41:22;76;47:07;50;55:32;72;63:54;52;71:55;85;77:56;55;79:51;56;81:41;58;84:05;100;87:04;;;;;;;;;;;;;;
173;445705;175;Škarabot;Alenka;;M;;0;37:00;150:27;113:27;0;6;OK Polaris;Orientacijski Klub Polaris;SLO;19;W45;W45;;;;;;;;;;;;;;;;0;0;0;5;E;2.9;130;15;5;;150:27;65;12:20;39;14:55;71;20:25;61;29:11;73;33:02;81;37:14;76;46:07;50;64:57;72;70:30;52;80:49;85;95:44;55;97:33;56;100:38;58;106:25;100;111:28;;;;;;;;;;;;;;
67;8277081;167;Mezga;Tanja;;M;;0;19:00;149:00;130:00;0;2;OK SG;OK Slovenj Gradec;SLO;19;W45;W45;;;;;;;;;;;;;;;;0;0;0;5;E;2.9;130;15;6;;149:00;65;20:51;39;22:59;71;38:29;61;46:48;73;50:58;81;55:02;76;63:58;50;82:52;72;88:26;52;98:52;85;113:35;55;115:27;56;117:23;58;124:15;100;129:12;;;;;;;;;;;;;;
19;2065882;211;Rajgelj;Chiara;;M;;0;25:00;171:45;146:45;3;;;;;19;W45;W45;;;;;;;;;;;;;;;;X;0;0;5;E;2.9;130;15;;;171:45;65;27:09;39;29:42;71;63:08;61;71:05;73;74:21;81;97:55;76;105:14;50;113:07;72;125:41;52;132:30;;;55;136:28;56;138:51;58;142:17;;;;;;;;;;;;;;;;
164;438980;12;Vodlan;Darja;;M;;0;49:00;;;2;6;OK Polaris;Orientacijski Klub Polaris;SLO;19;W45;W45;;;;;;;;;;;;;;;;0;0;0;5;E;2.9;130;15;;;;65;09:22;39;15:48;71;26:35;61;49:52;73;52:39;81;57:12;76;77:24;;;;;;;;;;;;;;;;;;;;;;;;;;;;;;
